Workbook

Sheet 일반전표
A1: 연도 | B1: 월 | C1: 일 | D1: 구분 | E1: Code | F1: 계정과목 | G1: 차변 | H1: 대변 | I1: 거래처코드 | J1: 거래처 | K1: 적요 | L1: 확인필요 | M1: 근거(참고용·업로드 전 삭제)
A2: =VALUE(LEFT(원천데이터!A4,4)) | B2: =VALUE(MID(원천데이터!A4,6,2)) | C2: =VALUE(MID(원천데이터!A4,9,2)) | D2: 3 | E2: 262 | F2: =VLOOKUP(E2,계정과목표!$A$2:$B$11,2,FALSE) | G2: =원천데이터!F4 | J2: =IF(I2="","",VLOOKUP(I2,거래처목록!$A$2:$B$20,2,FALSE)) | K2: 9월분 대출이자 지급(J2609-26 결제) | L2: 확인필요: ①'구분' 3(차변)/4(대변)은 위하고 대체전표 기준 가정(양식에 코드 설명 없음) ②미지급비용 줄 거래처 미정(국민은행은 계좌용 98001만 존재, 일단 공란) | M2: 원천데이터 국민 4행 · 결산전표_9월 J2609-26(8행)
A3: =VALUE(LEFT(원천데이터!A4,4)) | B3: =VALUE(MID(원천데이터!A4,6,2)) | C3: =VALUE(MID(원천데이터!A4,9,2)) | D3: 4 | E3: 103 | F3: =VLOOKUP(E3,계정과목표!$A$2:$B$11,2,FALSE) | H3: =원천데이터!F4 | I3: 98001 | J3: =IF(I3="","",VLOOKUP(I3,거래처목록!$A$2:$B$20,2,FALSE)) | K3: 9월분 대출이자 지급 | M3: 원천데이터 국민 4행
A4: =VALUE(LEFT(원천데이터!A5,4)) | B4: =VALUE(MID(원천데이터!A5,6,2)) | C4: =VALUE(MID(원천데이터!A5,9,2)) | D4: 3 | E4: 103 | F4: =VLOOKUP(E4,계정과목표!$A$2:$B$11,2,FALSE) | G4: =원천데이터!E5 | I4: 98001 | J4: =IF(I4="","",VLOOKUP(I4,거래처목록!$A$2:$B$20,2,FALSE)) | K4: 한가람유통 외상대금 회수 | M4: 원천데이터 국민 5행
A5: =VALUE(LEFT(원천데이터!A5,4)) | B5: =VALUE(MID(원천데이터!A5,6,2)) | C5: =VALUE(MID(원천데이터!A5,9,2)) | D5: 4 | E5: 108 | F5: =VLOOKUP(E5,계정과목표!$A$2:$B$11,2,FALSE) | H5: =원천데이터!E5 | I5: 00101 | J5: =IF(I5="","",VLOOKUP(I5,거래처목록!$A$2:$B$20,2,FALSE)) | K5: 한가람유통 외상대금 회수 | M5: 원천데이터 국민 5행
A6: =VALUE(LEFT(원천데이터!A14,4)) | B6: =VALUE(MID(원천데이터!A14,6,2)) | C6: =VALUE(MID(원천데이터!A14,9,2)) | D6: 3 | E6: 103 | F6: =VLOOKUP(E6,계정과목표!$A$2:$B$11,2,FALSE) | G6: =원천데이터!F14 | I6: 98002 | J6: =IF(I6="","",VLOOKUP(I6,거래처목록!$A$2:$B$20,2,FALSE)) | K6: 계좌간이체(국민→신한) | M6: 원천데이터 신한 14행 (국민 6행과 쌍)
A7: =VALUE(LEFT(원천데이터!A6,4)) | B7: =VALUE(MID(원천데이터!A6,6,2)) | C7: =VALUE(MID(원천데이터!A6,9,2)) | D7: 4 | E7: 103 | F7: =VLOOKUP(E7,계정과목표!$A$2:$B$11,2,FALSE) | H7: =원천데이터!F6 | I7: 98001 | J7: =IF(I7="","",VLOOKUP(I7,거래처목록!$A$2:$B$20,2,FALSE)) | K7: 계좌간이체(국민→신한) | M7: 원천데이터 국민 6행 (신한 14행과 쌍)
A8: =VALUE(LEFT(원천데이터!A7,4)) | B8: =VALUE(MID(원천데이터!A7,6,2)) | C8: =VALUE(MID(원천데이터!A7,9,2)) | D8: 3 | E8: 103 | F8: =VLOOKUP(E8,계정과목표!$A$2:$B$11,2,FALSE) | G8: =원천데이터!E7 | I8: 98001 | J8: =IF(I8="","",VLOOKUP(I8,거래처목록!$A$2:$B$20,2,FALSE)) | K8: 미래보험 사내몰 입금 | M8: 원천데이터 국민 7행
A9: =VALUE(LEFT(원천데이터!A7,4)) | B9: =VALUE(MID(원천데이터!A7,6,2)) | C9: =VALUE(MID(원천데이터!A7,9,2)) | D9: 4 | E9: 108 | F9: =VLOOKUP(E9,계정과목표!$A$2:$B$11,2,FALSE) | H9: =원천데이터!E7 | I9: 00104 | J9: =IF(I9="","",VLOOKUP(I9,거래처목록!$A$2:$B$20,2,FALSE)) | K9: 미래보험 사내몰 입금 | M9: 원천데이터 국민 7행
A10: =VALUE(LEFT(원천데이터!A8,4)) | B10: =VALUE(MID(원천데이터!A8,6,2)) | C10: =VALUE(MID(원천데이터!A8,9,2)) | D10: 3 | E10: 251 | F10: =VLOOKUP(E10,계정과목표!$A$2:$B$11,2,FALSE) | G10: =원천데이터!F8 | I10: 00203 | J10: =IF(I10="","",VLOOKUP(I10,거래처목록!$A$2:$B$20,2,FALSE)) | K10: 매입처V03 외상대금 지급 | M10: 원천데이터 국민 8행
A11: =VALUE(LEFT(원천데이터!A8,4)) | B11: =VALUE(MID(원천데이터!A8,6,2)) | C11: =VALUE(MID(원천데이터!A8,9,2)) | D11: 4 | E11: 103 | F11: =VLOOKUP(E11,계정과목표!$A$2:$B$11,2,FALSE) | H11: =원천데이터!F8 | I11: 98001 | J11: =IF(I11="","",VLOOKUP(I11,거래처목록!$A$2:$B$20,2,FALSE)) | K11: 매입처V03 외상대금 지급 | M11: 원천데이터 국민 8행
A12: =VALUE(LEFT(원천데이터!A9,4)) | B12: =VALUE(MID(원천데이터!A9,6,2)) | C12: =VALUE(MID(원천데이터!A9,9,2)) | D12: 3 | E12: 824 | F12: =VLOOKUP(E12,계정과목표!$A$2:$B$11,2,FALSE) | G12: =원천데이터!F9 | I12: 00301 | J12: =IF(I12="","",VLOOKUP(I12,거래처목록!$A$2:$B$20,2,FALSE)) | K12: 택배사T01 택배비 지급 | L12: 확인필요: 운반비(824)는 임시 처리. 9월분 택배비가 미지급금(253)으로 잡혀 있었다면 차변 253 결제가 맞음. 9월엔 주1회 자동이체 약 120만원이었으나 이번은 580만원·인터넷 송금 | M12: 원천데이터 국민 9행
A13: =VALUE(LEFT(원천데이터!A9,4)) | B13: =VALUE(MID(원천데이터!A9,6,2)) | C13: =VALUE(MID(원천데이터!A9,9,2)) | D13: 4 | E13: 103 | F13: =VLOOKUP(E13,계정과목표!$A$2:$B$11,2,FALSE) | H13: =원천데이터!F9 | I13: 98001 | J13: =IF(I13="","",VLOOKUP(I13,거래처목록!$A$2:$B$20,2,FALSE)) | K13: 택배사T01 택배비 지급 | M13: 원천데이터 국민 9행
A14: =VALUE(LEFT(원천데이터!A15,4)) | B14: =VALUE(MID(원천데이터!A15,6,2)) | C14: =VALUE(MID(원천데이터!A15,9,2)) | D14: 3 | E14: 262 | F14: =VLOOKUP(E14,계정과목표!$A$2:$B$11,2,FALSE) | G14: =결산전표_9월!D7 | J14: =IF(I14="","",VLOOKUP(I14,거래처목록!$A$2:$B$20,2,FALSE)) | K14: 9월 상여 지급(J2609-25 결제) | M14: 결산전표_9월 J2609-25(7행) 차변금액 · 지급일 원천데이터 신한 15행
A15: =VALUE(LEFT(원천데이터!A15,4)) | B15: =VALUE(MID(원천데이터!A15,6,2)) | C15: =VALUE(MID(원천데이터!A15,9,2)) | D15: 4 | E15: 103 | F15: =VLOOKUP(E15,계정과목표!$A$2:$B$11,2,FALSE) | H15: =원천데이터!E15 | I15: 98002 | J15: =IF(I15="","",VLOOKUP(I15,거래처목록!$A$2:$B$20,2,FALSE)) | K15: 9월 상여 지급(실수령액) | M15: 원천데이터 신한 15행
A16: =VALUE(LEFT(원천데이터!A15,4)) | B16: =VALUE(MID(원천데이터!A15,6,2)) | C16: =VALUE(MID(원천데이터!A15,9,2)) | D16: 4 | E16: 254 | F16: =VLOOKUP(E16,계정과목표!$A$2:$B$11,2,FALSE) | H16: =G14-H15 | J16: =IF(I16="","",VLOOKUP(I16,거래처목록!$A$2:$B$20,2,FALSE)) | K16: 9월 상여 원천징수분 | L16: 확인필요: 예수금 282,100은 3,100,000−2,817,900 역산값(수식). 세목별 원천징수 내역이 파일에 없음. 상여 총액 3,100,000은 J2609-25 근거 | M16: 미지급비용 차변(G14) − 보통예금 지급액(H15)

Sheet 검산
A1: 번호 | B1: 검산 항목 | C1: 왼쪽 값 | D1: 오른쪽 값 | E1: 차이 | F1: 결과
A2: 1 | B2: 차변 합계 = 대변 합계 | C2: =SUM(일반전표!G2:G200) | D2: =SUM(일반전표!H2:H200) | E2: =C2-D2 | F2: =IF(OR(COUNT(일반전표!G2:G200)=0,COUNT(C10:C11)<2),"미입력",IF(ABS(E2)<0.5,"PASS","FAIL"))
A3: 2 | B3: 보통예금(103) 차변 합계 = 두 계좌 입금 합계(자금일보) | C3: =SUMIFS(일반전표!G2:G200,일반전표!E2:E200,103) | D3: =C10 | E3: =C3-D3 | F3: =IF(OR(COUNT(일반전표!G2:G200)=0,COUNT(C10:C11)<2),"미입력",IF(ABS(E3)<0.5,"PASS","FAIL"))
A4: 3 | B4: 보통예금(103) 대변 합계 = 두 계좌 출금 합계(자금일보) | C4: =SUMIFS(일반전표!H2:H200,일반전표!E2:E200,103) | D4: =C11 | E4: =C4-D4 | F4: =IF(OR(COUNT(일반전표!G2:G200)=0,COUNT(C10:C11)<2),"미입력",IF(ABS(E4)<0.5,"PASS","FAIL"))
B5: 전체 결과 | F5: =IF(COUNTIF(F2:F4,"PASS")=3,"PASS",IF(COUNTIF(F2:F4,"미입력")>0,"미입력","FAIL"))
B9: 자금일보에서 옮겨 적는 값
B10: 두 계좌 입금 합계(자금일보 입금 합계) | C10: =자금일보값!C4
B11: 두 계좌 출금 합계(자금일보 출금 합계) | C11: =자금일보값!D4
B13: PASS는 합계가 맞는다는 뜻입니다. 계정·거래처를 맞게 골랐는지는 따로 확인합니다.

Sheet 원천데이터
A1: 원천데이터 · 은행 거래내역 2026-10-01 (추가자료_10월1일/거래내역_2026-10-01.xlsx 값 그대로)
A2: 국민 업무용 (시트 "국민 업무용")
A3: 거래일시 | B3: 적요 | C3: 추가메모 | D3: 의뢰인/수취인 | E3: 입금 | F3: 출금 | G3: 거래후잔액 | H3: 구분 | I3: 거래점 | J3: 거래특이사항 | L3: 잔액검증
A4: 2026-10-01 09:05:37 | B4: 대출이자 | F4: 650000 | G4: 811790310 | H4: 대체 | I4: 본점 | L4: =IF(ABS(자금일보값!$B$2+N(E4)-N(F4)-G4)<0.5,"OK","ERR")
A5: 2026-10-01 10:17:23 | B5: 한가람유통 | D5: 한가람유통(주) | E5: 58410000 | G5: 870200310 | H5: 타행이체 | I5: 타행 | L5: =IF(ABS(G4+N(E5)-N(F5)-G5)<0.5,"OK","ERR")
A6: 2026-10-01 11:02:20 | B6: (주)다온생활 | D6: (주)다온생활 | F6: 3100000 | G6: 867100310 | H6: 타행송금 | I6: 인터넷 | L6: =IF(ABS(G5+N(E6)-N(F6)-G6)<0.5,"OK","ERR")
A7: 2026-10-01 11:09:30 | B7: 미래보험사내몰 | D7: 미래보험(주) 사내몰 | E7: 3100000 | G7: 870200310 | H7: 타행이체 | I7: 타행 | L7: =IF(ABS(G6+N(E7)-N(F7)-G7)<0.5,"OK","ERR")
A8: 2026-10-01 14:26:15 | B8: 매입처V03 | D8: 매입처V03 | F8: 27280000 | G8: 842920310 | H8: 타행송금 | I8: 인터넷 | L8: =IF(ABS(G7+N(E8)-N(F8)-G8)<0.5,"OK","ERR")
A9: 2026-10-01 15:48:43 | B9: 택배사T01 | D9: 택배사T01 | F9: 5802610 | G9: 837117700 | H9: 타행송금 | I9: 인터넷 | L9: =IF(ABS(G8+N(E9)-N(F9)-G9)<0.5,"OK","ERR")
A12: 신한 급여 (시트 "신한 급여")
A13: 거래일자 | B13: 거래시간 | C13: 적요 | D13: 기재내용 | E13: 찾으신금액(출금) | F13: 맡기신금액(입금) | G13: 거래후잔액 | L13: 잔액검증
A14: 2026.10.01 | B14: 11:02:00 | C14: 타행입금 | D14: (주)다온생활 | E14: 0 | F14: 3100000 | G14: 38310000 | L14: =IF(ABS(자금일보값!$B$3+F14-E14-G14)<0.5,"OK","ERR")
A15: 2026.10.01 | B15: 16:00:00 | C15: 대량이체 | D15: 9월 상여 | E15: 2817900 | F15: 0 | G15: 35492100 | L15: =IF(ABS(G14+F15-E15-G15)<0.5,"OK","ERR")
A17: * L열 잔액검증: 직전 거래후잔액(첫 행은 전일잔액) + 입금 − 출금 = 거래후잔액 이면 OK

Sheet 자금일보값
A1: 계좌 | B1: 전일 잔액 | C1: 입금 | D1: 출금 | E1: 금일 잔액 | F1: 은행 조회 잔액 | G1: 거래처코드
A2: 국민 업무용 | B2: 812440310 | C2: 61510000 | D2: 36832610 | E2: =B2+C2-D2 | F2: 837117700 | G2: 98001
A3: 신한 급여 | B3: 35210000 | C3: 3100000 | D3: 2817900 | E3: =B3+C3-D3 | F3: 35492100 | G3: 98002
A4: 합계 | B4: =SUM(B2:B3) | C4: =SUM(C2:C3) | D4: =SUM(D2:D3) | E4: =SUM(E2:E3) | F4: =SUM(F2:F3)
A6: 출처: 입금·출금·은행 조회 잔액 = output/자금일보_2026-10-01.xlsx (자금일보 시트 C6:D7, H6:H7)
A7: 출처: 전일 잔액 = 은행잔액대사_2026-09.xlsx 9/30 장부 잔액 (자금일보 B6:B7과 동일)
A8: * 이 시트 값은 원천데이터와 별도로 옮겨 적은 값 → 정확성검증 시트에서 서로 대조

Sheet 결산전표_9월
A1: 전표번호 | B1: 일자 | C1: 차변 계정 | D1: 차변 금액 | E1: 대변 계정 | F1: 대변 금액 | G1: 적요
A2: J2609-21 | B2: 2026-09-30 | C2: 감가상각비 | D2: 4200000 | E2: 감가상각누계액 | F2: 4200000 | G2: 9월 유형자산 감가상각
A3: J2609-22 | B3: 2026-09-30 | C3: 사용권자산상각비 | D3: 7341194 | E3: 사용권자산상각누계액 | F3: 7341194 | G3: 물류창고 사용권자산 9월 상각
A4: J2609-23 | B4: 2026-09-30 | C4: 리스부채 | D4: 6785939 | E4: 보통예금 | F4: 8000000 | G4: 물류창고 9월 리스료 지급(원금분)
A5: J2609-23 | B5: 2026-09-30 | C5: 이자비용 | D5: 1214061 | G5: 물류창고 9월 리스료 지급(이자분)
A6: J2609-24 | B6: 2026-09-30 | C6: 보험료 | D6: 850000 | E6: 선급비용 | F6: 850000 | G6: 화재보험 선급분 9월 상각
A7: J2609-25 | B7: 2026-09-30 | C7: 급여 | D7: 3100000 | E7: 미지급비용 | F7: 3100000 | G7: 9월 상여 미지급분
A8: J2609-26 | B8: 2026-09-30 | C8: 이자비용 | D8: 650000 | E8: 미지급비용 | F8: 650000 | G8: 단기차입금 130,000,000 × 6% ÷ 12, 9월분 미지급
A9: J2609-31 | B9: 2026-09-30 | C9: 손실충당금 | D9: 4580000 | E9: 손상차손환입(대손충당금환입) | F9: 4580000 | G9: 매출채권 9/30 잔액 402,000,000 × 1% = 4,020,000. 장부 8,600,000 → 차액 환입
A11: 출처: 일반전표/결산전표_2026-09.xlsx 값 그대로 (이 전표에서 사용: J2609-25 상여 미지급 3,100,000 / J2609-26 이자 미지급 650,000)

Sheet 계정과목표
A1: Code | B1: 계정과목
A2: 103 | B2: 보통예금
A3: 108 | B3: 외상매출금
A4: 251 | B4: 외상매입금
A5: 253 | B5: 미지급금
A6: 254 | B6: 예수금
A7: 260 | B7: 단기차입금
A8: 262 | B8: 미지급비용
A9: 803 | B9: 상여금
A10: 824 | B10: 운반비
A11: 951 | B11: 이자비용
A13: 출처: 일반전표/계정과목표.xlsx 값 그대로

Sheet 거래처목록
A1: 거래처코드 | B1: 거래처
A2: 00101 | B2: 한가람유통(주)
A3: 00102 | B3: 그린마트(주)
A4: 00103 | B4: (주)세움건설 복지몰
A5: 00104 | B5: 미래보험(주) 사내몰
A6: 00105 | B6: 온라인몰 카드결제 정산
A7: 00106 | B7: (주)리빙플러스
A8: 00201 | B8: 매입처V01
A9: 00202 | B9: 매입처V02
A10: 00203 | B10: 매입처V03
A11: 00204 | B11: 매입처V04
A12: 00205 | B12: 매입처V05
... A20: 98002 | B20: 신한은행 급여
A22: 출처: 일반전표/거래처목록.xlsx 값 그대로

Sheet 정확성검증
A1: 번호 | B1: 검증 항목 | C1: 왼쪽 값 | D1: 오른쪽 값 | E1: 차이 | F1: 결과
A2: 1 | B2: 원천 국민 입금합계 = 자금일보 국민 입금 | C2: =SUM(원천데이터!E4:E9) | D2: =자금일보값!C2 | E2: =C2-D2 | F2: =IF(ABS(E2)<0.5,"PASS","FAIL")
A3: 2 | B3: 원천 국민 출금합계 = 자금일보 국민 출금 | C3: =SUM(원천데이터!F4:F9) | D3: =자금일보값!D2 | E3: =C3-D3 | F3: =IF(ABS(E3)<0.5,"PASS","FAIL")
A4: 3 | B4: 원천 신한 입금합계 = 자금일보 신한 입금 | C4: =SUM(원천데이터!F14:F15) | D4: =자금일보값!C3 | E4: =C4-D4 | F4: =IF(ABS(E4)<0.5,"PASS","FAIL")
A5: 4 | B5: 원천 신한 출금합계 = 자금일보 신한 출금 | C5: =SUM(원천데이터!E14:E15) | D5: =자금일보값!D3 | E5: =C5-D5 | F5: =IF(ABS(E5)<0.5,"PASS","FAIL")
A6: 5 | B6: 국민: 전일잔액 + 원천 입금 − 출금 = 마지막 거래후잔액 | C6: =자금일보값!B2+SUM(원천데이터!E4:E9)-SUM(원천데이터!F4:F9) | D6: =원천데이터!G9 | E6: =C6-D6 | F6: =IF(ABS(E6)<0.5,"PASS","FAIL")
A7: 6 | B7: 신한: 전일잔액 + 원천 입금 − 출금 = 마지막 거래후잔액 | C7: =자금일보값!B3+SUM(원천데이터!F14:F15)-SUM(원천데이터!E14:E15) | D7: =원천데이터!G15 | E7: =C7-D7 | F7: =IF(ABS(E7)<0.5,"PASS","FAIL")
A8: 7 | B8: 원천 거래별 잔액 연속성 오류 건수 = 0 | C8: =COUNTIF(원천데이터!L4:L9,"ERR")+COUNTIF(원천데이터!L14:L15,"ERR") | D8: =0 | E8: =C8-D8 | F8: =IF(ABS(E8)<0.5,"PASS","FAIL")
A9: 8 | B9: 보통예금(103) 차변 = 원천 입금 합계(두 계좌) | C9: =SUMIFS(일반전표!G2:G200,일반전표!E2:E200,103) | D9: =SUM(원천데이터!E4:E9)+SUM(원천데이터!F14:F15) | E9: =C9-D9 | F9: =IF(ABS(E9)<0.5,"PASS","FAIL")
A10: 9 | B10: 보통예금(103) 대변 = 원천 출금 합계(두 계좌) | C10: =SUMIFS(일반전표!H2:H200,일반전표!E2:E200,103) | D10: =SUM(원천데이터!F4:F9)+SUM(원천데이터!E14:E15) | E10: =C10-D10 | F10: =IF(ABS(E10)<0.5,"PASS","FAIL")
A11: 10 | B11: 국민(98001) 보통예금 차변−대변 = 원천 입금−출금 | C11: =SUMIFS(일반전표!G2:G200,일반전표!E2:E200,103,일반전표!I2:I200,"98001")-SUMIFS(일반전표!H2:H200,일반전표!E2:E200,103,일반전표!I2:I200,"98001") | D11: =SUM(원천데이터!E4:E9)-SUM(원천데이터!F4:F9) | E11: =C11-D11 | F11: =IF(ABS(E11)<0.5,"PASS","FAIL")
A12: 11 | B12: 신한(98002) 보통예금 차변−대변 = 원천 입금−출금 | C12: =SUMIFS(일반전표!G2:G200,일반전표!E2:E200,103,일반전표!I2:I200,"98002")-SUMIFS(일반전표!H2:H200,일반전표!E2:E200,103,일반전표!I2:I200,"98002") | D12: =SUM(원천데이터!F14:F15)-SUM(원천데이터!E14:E15) | E12: =C12-D12 | F12: =IF(ABS(E12)<0.5,"PASS","FAIL")
A13: 12 | B13: 계좌간이체: 국민 출금(원천 F6) = 신한 입금(원천 F14) | C13: =원천데이터!F6 | D13: =원천데이터!F14 | E13: =C13-D13 | F13: =IF(ABS(E13)<0.5,"PASS","FAIL")
A14: 13 | B14: 외상매출금(108) 대변 = 실제 입금(원천 입금합계 − 계좌간이체) | C14: =SUMIFS(일반전표!H2:H200,일반전표!E2:E200,108) | D14: =SUM(원천데이터!E4:E9)+SUM(원천데이터!F14:F15)-원천데이터!F14 | E14: =C14-D14 | F14: =IF(ABS(E14)<0.5,"PASS","FAIL")
A15: 14 | B15: 대출이자 미지급비용 차변 = 결산전표 J2609-26 금액 | C15: =일반전표!G2 | D15: =결산전표_9월!D8 | E15: =C15-D15 | F15: =IF(ABS(E15)<0.5,"PASS","FAIL")
A16: 15 | B16: 상여 미지급비용 차변 = 결산전표 J2609-25 금액 | C16: =일반전표!G14 | D16: =결산전표_9월!D7 | E16: =C16-D16 | F16: =IF(ABS(E16)<0.5,"PASS","FAIL")
A17: 16 | B17: 차변 합계 = 대변 합계 (전표 전체) | C17: =SUM(일반전표!G2:G200) | D17: =SUM(일반전표!H2:H200) | E17: =C17-D17 | F17: =IF(ABS(E17)<0.5,"PASS","FAIL")
B18: 전체 결과 | F18: =IF(COUNTIF(F2:F17,"PASS")=16,"PASS","FAIL")
B20: PASS는 원천 데이터와 전표 숫자가 맞는다는 뜻입니다. 계정 선택(운반비/미지급금 등)과 예수금 금액은 일반전표 시트의 빨간색 확인필요 항목으로 따로 확인합니다.
