Workbook

Sheet 자금일보
A1: 자금일보
A2: (주)다온생활 · 단위: 원 · 노란 칸에 입력
A3: 일자 | B3: 46296 | D3: 작성자 | F3: 확인자
A5: 계좌 | B5: 전일 잔액 | C5: 입금 | D5: 출금 | E5: 금일 잔액 | F5: 월누계 입금 | G5: 월누계 출금 | H5: 은행 조회 잔액 | I5: 차이
A6: 국민 업무용 | B6: 812440310 | C6: 61510000 | D6: 36832610 | E6: =B6+C6-D6 | F6: 61510000 | G6: 36832610 | H6: 837117700 | I6: =H6-E6
A7: 신한 급여 | B7: 35210000 | C7: 3100000 | D7: 2817900 | E7: =B7+C7-D7 | F7: 3100000 | G7: 2817900 | H7: 35492100 | I7: =H7-E7
A8: 합계 | B8: =SUM(B6:B7) | C8: =SUM(C6:C7) | D8: =SUM(D6:D7) | E8: =SUM(E6:E7) | F8: =SUM(F6:F7) | G8: =SUM(G6:G7) | H8: =SUM(H6:H7) | I8: =SUM(I6:I7)
A10: 계좌간이체
A11: 출금 계좌 | B11: 입금 계좌 | C11: 금액 | D11: 출금 쪽 적요 | E11: 입금 쪽 적요
A12: 국민 업무용 | B12: 신한 급여 | C12: 3100000 | D12: (주)다온생활 | E12: 타행입금
A15: 이체 합계 | C15: =SUM(C12:C14)
A17: 회사 전체 실제 입출금
A18: 구분 | B18: 계좌 합계 | C18: 계좌간이체 | D18: 실제 금액
A19: 입금 | B19: =C8 | C19: =C15 | D19: =B19-C19
A20: 출금 | B20: =D8 | C20: =C15 | D20: =B20-C20

Sheet 입출금 내역
A1: 계좌 | B1: 시각 | C1: 구분 | D1: 거래처·내용 | E1: 입금 | F1: 출금 | G1: 계좌간이체 여부
A2: 국민 업무용 | B2: 09:05:37 | C2: 대체 | D2: 대출이자 | F2: 650000 | G2: 아니오
A3: 국민 업무용 | B3: 10:17:23 | C3: 타행이체 | D3: 한가람유통(주) | E3: 58410000 | G3: 아니오
A4: 신한 급여 | B4: 11:02:00 | C4: 타행입금 | D4: (주)다온생활 | E4: 3100000 | G4: 예
A5: 국민 업무용 | B5: 11:02:20 | C5: 타행송금 | D5: (주)다온생활 | F5: 3100000 | G5: 예
A6: 국민 업무용 | B6: 11:09:30 | C6: 타행이체 | D6: 미래보험(주) 사내몰 | E6: 3100000 | G6: 아니오
A7: 국민 업무용 | B7: 14:26:15 | C7: 타행송금 | D7: 매입처V03 | F7: 27280000 | G7: 아니오
A8: 국민 업무용 | B8: 15:48:43 | C8: 타행송금 | D8: 택배사T01 | F8: 5802610 | G8: 아니오
A9: 신한 급여 | B9: 16:00:00 | C9: 대량이체 | D9: 9월 상여 | F9: 2817900 | G9: 아니오

Sheet 검산
A1: 번호 | B1: 검산 항목 | C1: 왼쪽 값 | D1: 오른쪽 값 | E1: 차이 | F1: 결과
A2: 1 | B2: 국민 업무용 금일 잔액 = 은행 조회 잔액 | C2: =자금일보!E6 | D2: =자금일보!H6 | E2: =C2-D2 | F2: =IF(COUNT(자금일보!B6:D7)=0,"미입력",IF(ABS(E2)<0.5,"PASS","FAIL"))
A3: 2 | B3: 신한 급여 금일 잔액 = 은행 조회 잔액 | C3: =자금일보!E7 | D3: =자금일보!H7 | E3: =C3-D3 | F3: =IF(COUNT(자금일보!B6:D7)=0,"미입력",IF(ABS(E3)<0.5,"PASS","FAIL"))
A4: 3 | B4: 입출금 내역 입금 합계 = 자금일보 입금 합계 | C4: =SUM('입출금 내역'!E2:E31) | D4: =자금일보!C8 | E4: =C4-D4 | F4: =IF(COUNT(자금일보!B6:D7)=0,"미입력",IF(ABS(E4)<0.5,"PASS","FAIL"))
A5: 4 | B5: 입출금 내역 출금 합계 = 자금일보 출금 합계 | C5: =SUM('입출금 내역'!F2:F31) | D5: =자금일보!D8 | E5: =C5-D5 | F5: =IF(COUNT(자금일보!B6:D7)=0,"미입력",IF(ABS(E5)<0.5,"PASS","FAIL"))
A6: 5 | B6: 계좌간이체 입금 쪽 합계 = 출금 쪽 합계 | C6: =SUMIFS('입출금 내역'!E2:E31,'입출금 내역'!G2:G31,"예") | D6: =SUMIFS('입출금 내역'!F2:F31,'입출금 내역'!G2:G31,"예") | E6: =C6-D6 | F6: =IF(COUNT(자금일보!B6:D7)=0,"미입력",IF(ABS(E6)<0.5,"PASS","FAIL"))
A7: 6 | B7: 계좌간이체 표 합계 = 입출금 내역 이체 입금 합계 | C7: =자금일보!C15 | D7: =SUMIFS('입출금 내역'!E2:E31,'입출금 내역'!G2:G31,"예") | E7: =C7-D7 | F7: =IF(COUNT(자금일보!B6:D7)=0,"미입력",IF(ABS(E7)<0.5,"PASS","FAIL"))
B8: 전체 결과 | F8: =IF(COUNTIF(F2:F7,"PASS")=6,"PASS",IF(COUNTIF(F2:F7,"미입력")>0,"미입력","FAIL"))
B10: PASS는 합계가 맞는다는 뜻입니다. 어느 거래를 계좌간이체로 짝지었는지는 따로 확인합니다.
